{
  "IcoMoonType": "selection",
  "icons": [
    {
      "icon": {
        "paths": [
          "M253.25 528.106l-4.402-4.2-66.137 62.648 233.016 222.29 489.546-467.011-65.702-62.677-423.842 403.947-162.479-154.998z"
        ],
        "attrs": [
          {
            "fill": "rgb(255, 255, 255)",
            "stroke": "rgb(255, 255, 255)",
            "strokeLinejoin": "miter",
            "strokeLinecap": "butt",
            "strokeMiterlimit": "4",
            "strokeWidth": 12.8
          }
        ],
        "isMulticolor": false,
        "isMulticolor2": false,
        "grid": 0,
        "tags": [
          "checkbox-active"
        ]
      },
      "attrs": [
        {
          "fill": "rgb(255, 255, 255)",
          "stroke": "rgb(255, 255, 255)",
          "strokeLinejoin": "miter",
          "strokeLinecap": "butt",
          "strokeMiterlimit": "4",
          "strokeWidth": 12.8
        }
      ],
      "properties": {
        "order": 47,
        "id": 4,
        "name": "checkbox-active",
        "prevSize": 32
      },
      "setIdx": 0,
      "setId": 9,
      "iconIdx": 0
    },
    {
      "icon": {
        "paths": [
          "M910.221 138.667v746.664h-796.443v-746.664h796.443zM910.221 32h-796.443c-62.578 0-113.778 48-113.778 106.667v746.664c0 58.669 51.2 106.669 113.778 106.669h796.443c62.579 0 113.779-48 113.779-106.669v-746.664c0-58.667-51.2-106.667-113.779-106.667z"
        ],
        "attrs": [
          {}
        ],
        "isMulticolor": false,
        "isMulticolor2": false,
        "grid": 0,
        "tags": [
          "checkbox"
        ]
      },
      "attrs": [
        {}
      ],
      "properties": {
        "order": 48,
        "id": 3,
        "name": "checkbox",
        "prevSize": 32
      },
      "setIdx": 0,
      "setId": 9,
      "iconIdx": 1
    },
    {
      "icon": {
        "paths": [
          "M853.333 170.667h-682.667c-46.933 0-84.907 38.4-84.907 85.333l-0.427 512c0 46.933 38.4 85.333 85.333 85.333h682.667c46.933 0 85.333-38.4 85.333-85.333v-512c0-46.933-38.4-85.333-85.333-85.333zM836.267 352l-301.653 188.587c-13.653 8.533-31.573 8.533-45.227 0l-301.653-188.587c-10.667-6.827-17.067-18.347-17.067-30.72 0-28.587 31.147-45.653 55.467-30.72l285.867 178.773 285.867-178.773c24.32-14.933 55.467 2.133 55.467 30.72 0 12.373-6.4 23.893-17.067 30.72z"
        ],
        "attrs": [
          {}
        ],
        "isMulticolor": false,
        "isMulticolor2": false,
        "grid": 0,
        "tags": [
          "email-mod"
        ]
      },
      "attrs": [
        {}
      ],
      "properties": {
        "order": 49,
        "id": 2,
        "name": "email-mod",
        "prevSize": 32
      },
      "setIdx": 0,
      "setId": 9,
      "iconIdx": 2
    },
    {
      "icon": {
        "paths": [
          "M512 512c94.293 0 170.667-76.373 170.667-170.667s-76.373-170.667-170.667-170.667c-94.293 0-170.667 76.373-170.667 170.667s76.373 170.667 170.667 170.667zM512 597.333c-113.92 0-341.333 57.173-341.333 170.667v42.667c0 23.467 19.2 42.667 42.667 42.667h597.333c23.467 0 42.667-19.2 42.667-42.667v-42.667c0-113.493-227.413-170.667-341.333-170.667z"
        ],
        "attrs": [
          {}
        ],
        "isMulticolor": false,
        "isMulticolor2": false,
        "grid": 0,
        "tags": [
          "person"
        ]
      },
      "attrs": [
        {}
      ],
      "properties": {
        "order": 50,
        "id": 1,
        "name": "person",
        "prevSize": 32
      },
      "setIdx": 0,
      "setId": 9,
      "iconIdx": 3
    },
    {
      "icon": {
        "paths": [
          "M796.217 632.752l-104.567-11.941c-25.116-2.884-49.818 5.763-67.521 23.467l-75.75 75.753c-116.509-59.284-212.021-154.387-271.305-271.309l76.163-76.164c17.703-17.703 26.348-42.404 23.466-67.517l-11.939-103.748c-4.941-41.581-39.934-72.87-81.927-72.87h-71.223c-46.521 0-85.22 38.699-82.339 85.221 21.82 351.588 303.006 632.362 654.182 654.184 46.518 2.879 85.22-35.817 85.22-82.341v-71.219c0.41-41.586-30.879-76.578-72.459-81.516z"
        ],
        "attrs": [
          {}
        ],
        "isMulticolor": false,
        "isMulticolor2": false,
        "grid": 0,
        "tags": [
          "phone-mod"
        ]
      },
      "attrs": [
        {}
      ],
      "properties": {
        "order": 51,
        "id": 0,
        "name": "phone-mod",
        "prevSize": 32
      },
      "setIdx": 0,
      "setId": 9,
      "iconIdx": 4
    },
    {
      "icon": {
        "paths": [
          "M200.4 486.57l-7.043-6.719-105.819 100.237 372.826 355.664 783.274-747.217-105.124-100.284-678.147 646.318-259.967-247.999z"
        ],
        "attrs": [
          {
            "fill": "rgb(255, 255, 255)",
            "stroke": "rgb(255, 255, 255)",
            "strokeLinejoin": "miter",
            "strokeLinecap": "butt",
            "strokeMiterlimit": "4",
            "strokeWidth": 20.480000000000004
          }
        ],
        "width": 1331,
        "isMulticolor": false,
        "isMulticolor2": false,
        "grid": 0,
        "tags": [
          "checkbox-active"
        ],
        "colorPermutations": {
          "2552552551331502431": [
            {
              "f": 1,
              "s": 1
            }
          ]
        }
      },
      "attrs": [
        {
          "fill": "rgb(255, 255, 255)",
          "stroke": "rgb(255, 255, 255)",
          "strokeLinejoin": "miter",
          "strokeLinecap": "butt",
          "strokeMiterlimit": "4",
          "strokeWidth": 20.480000000000004
        }
      ],
      "properties": {
        "order": 43,
        "id": 4,
        "name": "checkbox-active1",
        "prevSize": 32
      },
      "setIdx": 2,
      "setId": 7,
      "iconIdx": 0
    },
    {
      "icon": {
        "paths": [
          "M970.902 113.778v796.442h-849.539v-796.442h849.539zM970.902 0h-849.539c-66.75 0-121.363 51.2-121.363 113.778v796.442c0 62.58 54.613 113.78 121.363 113.78h849.539c66.751 0 121.364-51.2 121.364-113.78v-796.442c0-62.578-54.613-113.778-121.364-113.778z"
        ],
        "attrs": [
          {}
        ],
        "width": 1092,
        "isMulticolor": false,
        "isMulticolor2": false,
        "grid": 0,
        "tags": [
          "checkbox"
        ],
        "colorPermutations": {
          "2552552551331502431": [
            {}
          ]
        }
      },
      "attrs": [
        {}
      ],
      "properties": {
        "order": 44,
        "id": 3,
        "name": "checkbox1",
        "prevSize": 32
      },
      "setIdx": 2,
      "setId": 7,
      "iconIdx": 1
    },
    {
      "icon": {
        "paths": [
          "M1194.667 0h-1024c-70.4 0-127.36 57.6-127.36 128l-0.64 768c0 70.4 57.6 128 128 128h1024c70.4 0 128-57.6 128-128v-768c0-70.4-57.6-128-128-128zM1169.067 272l-452.48 282.88c-20.48 12.8-47.36 12.8-67.84 0l-452.48-282.88c-16-10.24-25.6-27.52-25.6-46.080 0-42.88 46.72-68.48 83.2-46.080l428.8 268.16 428.8-268.16c36.48-22.4 83.2 3.2 83.2 46.080 0 18.56-9.6 35.84-25.6 46.080z"
        ],
        "attrs": [
          {}
        ],
        "width": 1365,
        "isMulticolor": false,
        "isMulticolor2": false,
        "grid": 0,
        "tags": [
          "email-black"
        ],
        "colorPermutations": {
          "2552552551331502431": [
            {}
          ]
        }
      },
      "attrs": [
        {}
      ],
      "properties": {
        "order": 45,
        "id": 2,
        "name": "email-black",
        "prevSize": 32
      },
      "setIdx": 2,
      "setId": 7,
      "iconIdx": 2
    },
    {
      "icon": {
        "paths": [
          "M877.422 667.254l-134.444-15.35c-32.292-3.705-64.051 7.41-86.812 30.171l-97.395 97.394c-149.797-76.221-272.599-198.494-348.821-348.822l97.924-97.924c22.761-22.761 33.876-54.52 30.171-86.809l-15.35-133.389c-6.352-53.462-51.344-93.69-105.334-93.69h-91.573c-59.813 0-109.569 49.756-105.864 109.569 28.054 452.041 389.579 813.040 841.091 841.090 59.809 3.708 109.568-46.051 109.568-105.86v-91.575c0.527-53.461-39.702-98.453-93.162-104.806z"
        ],
        "attrs": [
          {}
        ],
        "isMulticolor": false,
        "isMulticolor2": false,
        "grid": 0,
        "tags": [
          "phone-black"
        ],
        "colorPermutations": {
          "2552552551331502431": [
            {}
          ]
        }
      },
      "attrs": [
        {}
      ],
      "properties": {
        "order": 46,
        "id": 0,
        "name": "phone-black",
        "prevSize": 32
      },
      "setIdx": 2,
      "setId": 7,
      "iconIdx": 3
    }
  ],
  "height": 1024,
  "preferences": {
    "showGlyphs": true,
    "showQuickUse": true,
    "showQuickUse2": true,
    "showSVGs": true,
    "fontPref": {
      "prefix": "icon-",
      "metadata": {
        "fontFamily": "icomoon"
      },
      "metrics": {
        "emSize": 1024,
        "baseline": 6.25,
        "whitespace": 50
      },
      "embed": false
    },
    "imagePref": {
      "prefix": "icon-",
      "png": true,
      "useClassSelector": true,
      "color": 0,
      "bgColor": 16777215,
      "classSelector": ".icon",
      "name": "icomoon"
    },
    "historySize": 50,
    "showCodes": true,
    "gridSize": 16
  }
}